,CCGT,OCGT,Biomass,Geothermal,Oil,Wind,Solar,Hydro
2040,1343.077040983796,234.44506840710653,839.9997944230015,510.0,6.51829196399817,27.32800836452771,2418.7524273934414,994.3
