,CCGT,OCGT,Biomass,Geothermal,Oil,Wind,Solar,Hydro
2040,1343.072044238511,235.74095722838598,839.9948749703002,510.0,5.204780473270862,82.9328415713617,2125.7241272005035,994.3
