index,gradual_NZE,gradual_NZE_4
2024,29121.32045736698,3191.4900000000002
