index,gradual_NZE,gradual_NZE_4
2040,37801.19631602842,3719.6428638690654
