gradual_NZE,gradual_NZE_4
1313.1656665962128,1289.1298693822653
